	level1	level2	level3	topic	level	keywords
0	család			család	1	apa; anya; szülő; család; családi; feleség; férj; öcs; apuka; anyuka; anyu; mama; papa; fater; édesapa; édesanya; gyerek; nagymama; nagypapa; nagyapa; nagyanya; nagyszülő; unokatestvér; unokaöcs; testvér; húg; báty; nővér; nagynéni; nagybácsi; nagybáty; rokon; testvér; anyós; apu; após; sógor; öcs; nagybácsi; unoka; rokonság; családi; családtag; fia; házasság; másodunokatestvér; szülő; asszony; dédnagymama; dédi; dédapa; dédmama; fiútestvér; mami; nagycsalád; nagylány; nagymuter; nevelőapa; sógornő; tesó; vej; bátya; család-összetartás; családkeresés; családtörténet; családtörténeti; dédnagyapa; dédnagyszülő; dédszülő; felmenő; hozzátartozó; hug; házas; házaspár; házassági; házastárs; keresztgyerek; kistestvér; lánygyermek; lánytestvér; lányunoka; mostohaanya; mostohaapa; mostohatestvér; rokoni; szépapa; testvér; unokabáty; unokázik
1	család	származás		származás	2	származás; származásdolog; származási; származó; család; felmenő; kádergyerek; kulák; proli; élettörténet; családtörténet; családfa
2	család	családon belüli munkamegosztás		családon belüli munkamegosztás	2	főzés; mosogatás; mosás; takarítás
3	egészségügy			egészségügy	1	egészségügy; belgyógyászat; pacientúra; ultrahang; betegség; egészségnevelési; egészségügy; fertőzés; gipszelő; gyerekgyógyász; gyógyszer; hordágy; inzuli; kontroll; kórterem; kötés; lábtörés; lázcsillapító; lúdtalpbetét; magánorvos; megoperál; megröntgenez; nyirokkeringés; nővér; orvosi; rendelés; rendelő; röntgenes; röntgenfelvétel; szemészet; szívgyógyszer; szívgyöngeség; szívkórház; szülőszoba; sárgaság; táppénz; tüdővérzés; urológus; vizi; vizsgálat; vérnyomás; ápoló; átte; ügyvéd
4	egészségügy	egészségügyi dolgozó		egészségügyi dolgozó	2	orvos; doktornő; belgyógyász; bőrgyógyász; mentőorvos; háziorvos; védőnő; katonaorvos; nőgyógyász; orvosnő; pszihológus; pszichológus; doki; doktornő; főorvos; gyerekorvos; magánorvos; pszichoterapeuta; pszihiáter; ápoló; ápolónő; pszichiáter
5	egészségügy	páciens		páciens	2	páciens; beteg; ápolt; kontroll; rendelés
6	egészségügy	egészségügyi intézmény		egészségügyi intézmény	2	kórház; klinika; rendelő; terhesgondozó; szemészet; rendelőintézet
7	egészségügy	egészségügyi ellátás		egészségügyi ellátás	2	terápia; gipsz; pacientúra; fölerősít; gyógyszer; magánpraxis; megoperál; művészetterapeuta; röntgenfelvétel; vizit
8	egészségügy	járvány		járvány	2	járvány; vírus; covid; pandémia
9	egyház			egyház	1	egyház; börtönmisszió; cigánypasztoráció; egyházi
10	egyház	egyházi személy		egyházi személy	2	apáca; pap; szerzetes; lelkipásztor; karitász; kongregáció
11	egyház	egyházi intézmény		egyházi intézmény	2	egyházi; egyházmegye; nunciatúra; szeretetszolgálat; papnevelde
12	életesemény			életesemény	1	költözik; születik; tragédia; beköltözik; elköltözik; felköltözik; kiköltözik; hazajön; körülmetél; leköltözik; leszerel; leszerelés; költözés; nyugdíj; sors; trauma; élmény; élményközösség; özvegy; váltás
13	életesemény	gyermekvállalás		gyermekvállalás	2	szül; születik; szülés; terhes; várandós; kismama; megszületik; terhesség; gyes; anyaszerep; babáz; fogamzásgátló; gyerekez; gyerekvállalás; gyes-betegség; koraszülés
14	életesemény	házasságkötés		házasságkötés	2	házasság; összeházasszik; megnősül; feleség; esküvő; összeházasodik; nősül; házasok; házassági; házasságkötés; kiházasodik; lánynev; menyasszony; összeházasodhat
15	életesemény	válás		válás	2	válás; elvált; válóper; elvál; elválik; problémáink; szakít; vagyonmegosztás
16	életesemény	baleset		baleset	2	baleset; elcsúszik; gondatlanság; gyerekkórház; kisodródik; leforrázódik; légzsák; megcsúszik; rutintalanság; sebhely; sodródik; csonttörés
17	életesemény	öngyilkosság		öngyilkosság	2	öngyilkos
18	életesemény	halálozás		halálozás	2	meghal; halál; hulla; temetés; gyászidőzik; agyonlő; díszsírhely; eltemetve; elterül; elvérez; gyász; haldokló; halott; haláltusa; infarktus; művészparcella; szívinfarktus; temet; öngyilkos; megözvegyül; özvegy
19	életesemény	trauma		trauma	2	traum; megrázó; borzalom; burnou; megkínoz; sokk; sokkhatás; szorongás; trauma-reprezentáció; traumatizáció; traumatizálódik; traumatörténet; zokogva
20	életkörülmények			életkörülmények	1	albérlet; ház; intézet; kocsi; lakhatás; panel; emelet; lakás; luxus; megélhetés; pincelakás; szoba-konyha; gyerekotthonba; iskolabusz; alapdolog; anyagi; apartman; autó; berendezve; börtön; családotthon; drága; dörgermüz; egyedül; egykeresős; elköltözik; fizetés; fűtés; gyerekotthon; gyerekotthoni; hamburger; hitel; hitelezve; internet; járulékalapod; jóllakhat; kaja; kenyérosztás; keresőképesség; kiadás; kétkeresős; különlét; lakáskeresés; lakótelep; lakótárs; lebetegszik; létszükséglet; menhely; nyaral; nyaralás; nyugdíjad; pizza; pénzösszeg; rezsi; sikeres; szerencse; szerencsés; takarékoskodik; telefon; éhezés; éldegél; étel; önerő; összeköltöztem; újgazdag
21	életkörülmények	anyagi helyzet		anyagi helyzet	2	pénz; hitel; kölcsön; tartalék; anyagi; támogatás; fizetés; nyugdíj; keres; kereset; lakhatás; megélhetés; rokkantnyugdíj; nyugdíjemelés; szegénység; gazdag; segély; szegény; forint; járadék; nyugdíj; nyugdíjrendszer; órabér; adósság; alapnyugdíj; anyagilag; bér; dúsgazdag; egzisztencia; egzisztenciád; egzisztenciális; hitel; hitelem; járadékon; kölcsöne; leszázalékol; munkanélküli; nyugdíjas; nyugdíjguru; spórol; törlesztés; vagyon; nyugdíjbiztosítást; nyugdíjjal; adójóváírás; anyagi; anyagiak; bank; bankszámla; csóró; depriváció; diákhitel; egészségbiztosítási; eladósodik; előtakarékosság; finanszíroz; fizet; fizetési; félrerak; gazdaságu; gyerektartás; hitelezve; ház; indexálás; jövedelem; keresett; kereső; korengedményes; kéreget; kölcsön; középmódú; középosztálybeli; levon; luxus; megélhetés; mélyszegénység; módos; nyugdíjam; nyugdíjasok; nyugdíjazik; nyugdíjbiztosítás; nyugdíjbiztosítási; nyugdíjpénztár; nyugdíjpénztári; nyugdíjszakértő; nyugdíjtakarékossági; nyugdíjtervező; olcsó; prémium; pénzhiány; pénztárca; pótlék; rokkantnyugdíjas; rokkantnyugdíjasság; rászorulók; spórolj; spórolás; szocpol; szocpolos; takarékos; takarékoskodik; táppénz; társadalombiztosítási; törleszt; villanyszámla; végkielégítés; étkezés; önerő
22	életkörülmények	anyagi helyzet	szegénység	szegénység	3	szegény; szegénység; pénzhiány; éhezés; nélkülözés; elszegényedés; megélhetés; munkalehetőség; nyomor; szegény-támogatási; szegényfogalom; szegénységkutatás; szegénységtörténet; szegénytelep; éhes; éhez
23	életkörülmények	egészségi állapot		egészségi állapot	2	beteg; leszázalékol; beteges; betegség; csontváz; megerősödik; remegés; idegösszeomlás; szívem; alkalmatossági; begyullad; depressziós; egészség; fogyatékos; fájdalom; fölerősít; föleszmél; gyógyszer; gyógyszerik; haldokló; háziorvos; ideggondozó; kiír; lebénul; lerongyolódik; mandulagyulladás; megbetegít; meggyógyul; műtétett; nyomorék; orvos; orvosság; szenved; tet; tetves; tüdő; vak; önkívület; önkívületlen; összeesik; összerogy; összeroppan; amputálva
24	életkörülmények	egészségi állapot	betegség	betegség	3	beteg; cukorbetegség; vakbélgyulladás; dialízis; ekcéma; érszűkület; izületes; tbc; viszér; agyhártyagyulladás; aortarobbanás; betegség; borogatás; depresszió; depressziós; elmebetegség; fájdalom; hasnyálmirigyrák; idegösszeroppanás; lábtörés; mandulagyulladás; mikrokefál-idióta; parkinzon-betegség; rokkantnyugdíjasság; szívbetegség; szívgyöngeség; tolókocsi
25	életkörülmények	egészségi állapot	szenvedélybetegség	szenvedélybetegség	3	drog; kábítószer; szerencsejáték; szipuzás; dohány; dohányzik; dohányzás; játékgép; részeg; szipuzós; szívogatta; ragasztó; alkohol; alkoholista; beleőrül; casino; cigaretta; cigi; drogos; eliszik; heroin; iszik; iszákos; kocsma; kábítószeres; marihuánás; narkózik; piált; rulett; szenvedélybeteg
26	életkörülmények	egészségi állapot	lelki egészség	lelki egészség	3	mentálhigiéné; önismeret; stressz; tisztánlátás; szorongás; együttérzés; törődés; koncentráció
27	életkörülmények	lakhatás		lakhatás	2	lakás; albérlet; ház; lakik; szoba; szobás; lakótelep; költözik; költözés; lakbér; együttlakás; elköltözik; falubeli; hazaköltözz; ikerház; kollégista; lakhatás; lakásunk; odaköltözik; szobás; társasház; apartmik; falu; föltürül; fürdő; gyerekotthoni; gyerekszoba; gáz; hatlakásos; kisváros; kiszellőzt; kollégium; lakásfenntartási; lakásodat; lakásom; letürül; mikrohullámú; nagyváros; rezsit; szoba-konyha; szocpol; szocpolos; társbérlet; vályogos; építkezés
28	életkörülmények	lakhatás	hajléktalanság	hajléktalanság	3	hajléktalanok
29	életkörülmények	táplálkozás		táplálkozás	2	eszik; sör; vacsorázik; gundel; vacsora; éhezés; bor; enni; hús; iszik; kaja; kenyér; kávé; pincér; reggeli; séf; vendéglő; vitaminhiány; bélszín; libamáj; répaleves; cipó; csoki; csokimániás; ebéd; ebédlő; ennivaló; fogyás; fridzsider; húskonzerv; inni; kajál; kanáll; kenyérosztás; korsó; krumpli; kávéház; lecsó; lecsós; libahús; megebédel; megesz; megiszik; menü; narancsital; paprika; paradicsom; pezsgő; pálinka; pörkölt; reggelizik; szalonna; söröz; süt; tea; tálat; tízórai; tükörtojás; uzsonna; vill; vörösbor; édesség; éhenkórász; éhes; élelem; étel; étkezde; étterem; étvágy; ízöl
30	életkörülmények	sport		sport	2	meccs; fotballcsapat; sportút; futballmeccs; birkózás; edzés; előmérkőzés; focimeccs; focista; forballmeccs; fotball; futballista; gyerekcsapat; judo; jégkorong; jégtánc; jégtáncos; kézilabdás; olimpiai; sport; sportúra
31	életkörülmények	mindennapi élet		mindennapi élet	2	luxuscikk; szórakozás; bulizik; bulizós; csavarog; deviáns; magánélet; munkahely; mókuskerék; nyaral; passziózhat; szórakozik; szökés; takarékos; takarékoskodn; éldegél; életmód
32	életkörülmények	szabadidő		szabadidő	2	hobbi; szabadidő; szórakozás
33	életkörülmények	jövőkép		jövőkép	2	jövőkép; jövő; terv
34	életszakasz			életszakasz	1	korosztály; generáció
35	életszakasz	gyermek és gyermekkor		gyermek és gyermekkor	2	gyerekkor; gyerekeskedik; kisgyerek; egyke; felnő; gyerekkori; gyermekkor; tinédzser; kiskora; serdülőkor; kislány; lány; nevelkedett; nevelés; ovi
36	életszakasz	fiatal és fiatalkor		fiatal és fiatalkor	2	fiatalság; fiatalkor; fiatalember; diákkor; diákszerelem
37	életszakasz	idős és időskor		idős és időskor	2	60; idős; idősebb; megvénül; öreg; öregasszony
38	értékrendszer			értékrendszer	1	sztereotípiák; authoritarian; tekintélyelvűség; ateista; ateizmus; becsület; ellenzéki; előítélet; erkölcsi; gondolkodásmód; identitás; keresztény; konzervatív; liberalizmus; liberális; nacionalista; nacionalizmus; nemzetszeretet; tisztesség; toleráns; vallásos; értékorientáció; értékskála; értékrend; értékvilág; értékvizsgálat; neonáci
39	értékrendszer	attitűd		attitűd	2	hülyéskedik; kompromisszum; szigorú; toleráns; agresszív; becsületes; bízik; erkölcsi; erőszakos; fél; higgadt; hozzáállás; hülyéskedés; irigység; kedvelelm; kedves; kedveskedik; kegyetlenség; közvetlen; különc; küzd; magatartás; manír; megalázás; modorosság; morális; motiváló; nyitottság; nyugodt; provokáció; renitens; ráerőltet; siránkozik; siránkozó; szemlélet; szeret; tekintélyelvűség; tolerál; udvarias; vagány; viccelődés; érték; önmegtartózkodó; önállóság; összetart
40	értékrendszer	viselkedés		viselkedés	2	viselkedés; magaviselet; szokás
41	értékrendszer	identitás		identitás	2	identitás; ateista; nemzettudat; vallásos; egyéniség; európa; identitástudat; individuális; kötődés; származás; világkép; világlátás; zsidóidentitás; élményközösség; énkép; öntudat; összetartozás
42	értékrendszer	szexualitás		szexualitás	2	kielégít; szexuális; szex
43	értékrendszer	ideológia		ideológia	2	liberális; kommunista; náci; baloldali; ideológia; jobboldali; szocialista; ellenzéki; fasiszta; liberalizmus; marxista; nacionalizmus; nemzetrombolás; nemzettudat; neomarxista; jobbik; szálasi; anarchista; cigánybűnözés; cigánykérdés; cigányprobléma; eszmeiség; eszmerendszer; etatis; euroszkeptikus; fasiszik; gárda-jelenség; hazafiasság; hungarizmus; ideológiai; kapitalizmus; kommunizmus; lefasisztázna; legjobboldali; lenáciz; liberáliso; mozgalm; nacionalista; nemzet; nemzeti; nemzettestvér; neonáci; neonácikra; nyilas; nácizmus; népies; patrióta; poszt-marxista; reformer; szociálliberális; vadkapitalizmus; vadliberalizmus; vaskeresztes; választásokkor; álnacionalizmus; értékren; ösztönelmélet; újnyilas
44	értékrendszer	vallás		vallás	2	vallásos; zsidó; katolikus; keresztény; rabbi; vallás; templom; ateista; zsinagóga; hit; református; chanukát; pészach; széder; hitközség; hittan; ima; imakönyv; jiddis; kádis; ortodox; zsidóság; őskeresztény; isten; bencés; böjt; cigánypasztoráció; ferences; feszület; hisz; holocaust; hívő; húsvét; imádkozik; imádság; istenhit; kadis; kereszt; kántor; körülmetélt; küp; megváltó; neolóog; tóra
45	értékrendszer	érzelem		érzelem	2	szerelem; fél; kellemes; lelkiismeret-furdalás; szerel; érzelem; érzés; boldog; félelmetes; gyűlöl; honvágy; hálás; ideges; ijedte; irigység; istenít; kiégés; lelki; lelkiismeretfurdalás; nosztalgiahullám; ordít; rémséges; rémülve; rökönyödve; siránkozik; siránkozó; szenved; szenvedés; szerelm; szerelmes; szégyell; szégyenkezik; érzelmi
46	értékrendszer	előítélet		előítélet	2	elfogad; elfogadhassa; elítél; előitélet
47	értékrendszer	előítélet	antiszemitizmus	antiszemitizmus	3	antiszemitizmus; zsidózás; zsiget; antiszemita; hungarizmus; nyilas; zsidókérdés
48	értékrendszer	előítélet	cigányellenesség	cigányellenesség	3	cigányellenesség; romagyűlölet
49	értékrendszer	előítélet	homofóbia	homofóbia	3	homofóbia; idegenellenes; idegengyűlölet
50	értékrendszer	előítélet	rasszizmus	rasszizmus	3	cigánybűnözés; cigánykérdés; véderős; antiszemitizmus; cigányprobléma; hungarista; náci; rasszista
51	értékrendszer	radikalizmus		radikalizmus	2	véderős; náci; hungaristák; fasiszta; gárda-jelenség; hungarizmus; neonáci; nyilas; szélsőséges; vaskeresztes; zászlóégetés; újnyilas
52	gazdaság			gazdaság	1	termék; ügyfél; célpiac; ügyfélkör; piacvezető; versenytárs; gazdasági; termékfejlesztés; versenypiac; értékesítési; értékesítő; gazdaság; infláció; kamatoztat; konkurencia; konkurens; nyugdíjrendszer; piacelemzés; pénzügyi; tőzsdéz; versenyelőny; értékesítés; öngondoskodás; ügyféligény; hitelbank; pénzügykutato; tesco; acélgyár; alkusz; bankpiac; befektetés; befektetési; befektető; díjfizetés; eltőzsdéz; finanszírozás; fogyasztóbarát; franchis; gépgyár; hozam; jutalék; jutalékkulcs; járulékfizető; keresetemelkedéshez; keresetnövekedés; kereskedelem; kiadás; kínálat; költségviselő; közgazdaságtan; leányvállalat; magánpénztár; mezőgazdaság; minimálbér; multik; nagyvállalat; nemzetgazdasági; nyugdíj; nyugdíjszakértő; profitráta; profitábilis; prémiumocska; pénzmennyiség; pénzromlás; pénzügy; részvény; szabadpiaci; termékfejlesztési; termékfejlesztő; termékstruktúra; termékvizsga; támogatás; tőkeháttér; tőkepiac; tőzsde; versenyfeszültség; versenyszituáció; világgazdaság; világgazdasági; vállalkozik; vállalkozás; vásárló; vásárlóér; vásárlóértéke; vásárol; átlagkereset; öngondoskszik; ügyfel; ügyfeleinkn; ügyfélbarát; ügynökhálózat; üzletkötő
53	gazdaság	gazdasági szervezet		gazdasági szervezet	2	vállalat; szövetkezet; vállalkozás; telepvezető; vállalkozó; brókernet; quantis; cégstruktúra; erőmű; fatelép; kocsma; konzervgyár; tsz-elnök; ügyfél; amway; consequit; földbirtoku; tsz; világbank; alvállalat; borozó; bt; cég; cégvezető; cégér; franchis; gazdasági; gazdaságu; gyertyagyár; gyár; hőerőmű; kft; kikötő; kkv; kényszervállalkozó; költség; lakatgyár; marketing; megalapít; nagyüzem; nyugdíjguru; nyugdíjszakértő; nyugdíjtervező; piac; piacvezető; pincész; termékfejlesztési; termékfeltétel; testvérvállalat; textilgyár; tsz-esek; tüzelőtelep; vasüzem; vendéglő; vállalati; vállalkozói; értékesítés; üzletkötő
54	gazdaság	gazdasági tevékenység		gazdasági tevékenység	2	gazdaság; tevékenység; asszisztens; gazdaasszony; magángazdaság; megrendelő; megállapodik; szolgáltatásaik; termelés; tárgyal
55	gazdaság	gazdasági tevékenység	ipar	ipar	3	gyár; ipar; üzem; bútorgyár; csúcspados; erőmű; eszterga; gyertyagyár; gyújtáskapcsoló; görgő; malom; vasüzem
56	gazdaság	gazdasági tevékenység	kereskedelem	kereskedelem	3	marketing; végfelhasználó; értékesítő; disznóvásár; hentesüzl; iparengedély; kassza; kiskereskedés; kiszolgálás; piac; pénztáros; tőkepiac; versenypiac; viszonteladó; vásár; értékesítés; ügyfél; ügyfélkör; ügyfélszerzés; üzl; üzlethelység
57	gazdaság	gazdasági tevékenység	mezőgazdaság	mezőgazdaság	3	őstermelő; kapál; föld; anyadisznó; csirke; disznó; földprogram; krumpli; krumpliszezon; kukorica; libatelep; malom; napszám; nyúl; paraszt; siló; tehenész; tehén; termés; állattenyésztés
58	gazdaság	gazdasági tevékenység	szolgáltatás	szolgáltatás	3	szolgáltatás; szépségipar; szórakoztatás; tanácsadás
59	gazdaság	munkaerőpiac		munkaerőpiac	2	munkaerő; munkanélküliség; munkaadó; munkavállaló; munkahelyteremtés; foglalkoztatás
60	gazdaság	fogyasztás		fogyasztás	2	jólét; kereslet; javak; gazdaság; piac; fogyasztó; kínálat
61	gazdaság	pénzügy és finanszírozás		pénzügy és finanszírozás	2	biztosító; biztosítás; biztosításügy; bank; biztosítási; pénzügyi; pénzügy; életbiztosítás; nyugdíjbiztosítás; alkusz; befektetési; állampapír; bankrendszer; biztosítótársaság; egészségbiztosítás; hitel; nyugdíjbiztosítási; nyugdíjrendszer; allianz; nn; banki; csőd; költség; lakásbiztosítás; pénzintézet; pénzügyminiszter; utasbiztosítás; vagyonbiztosítás; MNB; adójóváírás; bankár; befektetés; befektető; devizahitel; finanszíroz; hozam; jutalék; konszolidáció; pénzintézeti; önerő; öngondoskodás; aegon; fitch; metlif; otp; pszáf; alkuszi; anyabank; balesetbiztosítás; bankreform; biztosítós; biztosítóvezető; bróker; brókercég; egészségbiztosítási; hitelfedezeti; jutalékrendszer; kamat; költségracionalizálás; kötvénypiac; monetáris; nyereség; nyugdíjkötvény; nyugdíjpénztár; profit; pénzügyes; pénzügypolitika; rokkantnyugdíj; részvény; társadalombiztosítás; többlethozam; tőkepiac; valuta; valutaalap; államadósság; államkötvény; árfolyam; életbiztosítási; biztosításkutató; brokernet; brókernet; cgnu; cséb; gazdaságkutató; hitelbank; kgst; mabisz; nyugdíjbiztosítást; nyugdíjbiztosító; pénzügykutató; pénzügyminisztérium; tb; tkm; tervhivatal; versenyhivatal; versenyszabály; adó; adófinanszírozás; adóhivatal; adós; adósság; adóstárs; adózási; alapnyugdíj; anyagi; bankpiac; beforintosít; beruházás; beruházási; bevétel; bitcoin; biztosított; biztosításfelügyelet; biztosításfelügyelői; biztosításmatematikai; biztosításnál; biztosításszakma; biztosítástörténet; biztosítócsoportok; biztosítócső; biztosítói; brókerbotrány; cséb-tartalék; devizahitel; devizahitelezés; devizareferense; devizatörvény; dollár; díjbevétel; díjelmaradás; díjtartalékok; egészségügy-biztosítás; ellátmányt; fedezet; fedezeti; felelősségbiztosítás; felügyeletet; finanszírozás; fogyasztóvédelmi; forinttal; hitelezés; hitelminősítő; holding; indexálás; infláció; járulék; járulékfinanszíroz; járulékfizető; járulékokra; kamatláb; kamatozás; költségcsökkentés; költségigényes; költségvetés; költségvetési; könyvelés; kötvény; középbiztosító; magánbank; magánbiztosító; magánnyugdíj; magánnyugdíjpénztár; monetarista; nyugdíjbiztosításod; nyugdíjkérdés; nyugdíjpénztári; nyugdíjreform; nyugdíjszakértő; nyugdíjtakarékossági; piac; piacvédő; profitráta; pénz-szivattyú; reálérték; részvénypiac; részvénytársaság; szanálás; szubvencionális; tervgazdasági; támogatás; társadalombiztosítási; tőkepiaci; tőzsde; tőzsdei; unitlink; vagyonállomány; versenyjogilag; versenyszabályozás; veszteség; világgazdasági; visszaosztás; visszaállamosítódik; viszontbiztosítás; viszontbiztosító; államkincstár; állampapír; óvadékbiztosítás
62	gazdaság	gazdasági folyamat	privatizáció	privatizáció	3	privatizáció; privatizációs; lop; szanálás
63	gazdaság	gazdasági folyamat	államosítás	államosítás	3	államosít; államosítás
64	gazdaság	gazdasági folyamat	reform	reform	3	reform; reformfolyamat
65	kommunikáció			kommunikáció	1	kibeszél; lap; lapgazda; publikál; kommunikáció; tabu
66	kommunikáció	információ		információ	2	jelentés; közvélemény; olvasgat; plakát; tájékozott; tájékoztatás; tájékoztat; hír; hírek
67	kommunikáció	információ	elhallgatás	elhallgatás	3	elhallgatás; eltitkolás; titkos; titkosítás
68	kommunikáció	személyközi kommunikáció		személyközi kommunikáció	2	fölhív; társalog; beszél; beszélget; kitárgyal; levelezés; négyszemközt; randevú; tanács; telefon; telefonál; összjár
69	kommunikáció	kommunikációs képesség		kommunikációs képesség	2	kommunikáció; képesség; verbális; készség; írásbeli; szóbeli
70	kommunikáció	kommunikációs képesség	írástudás	írástudás	3	írástudás; analfabéta; írni-olvas
71	kommunikáció	nyelvtudás és nyelvhasználat		nyelvtudás és nyelvhasználat	2	angoltanár; nyelvtehetség; nyelvérzék; soknyelvűség; nyelviskola; nyelvtanfolyam; nyelvtanulás; nyelvtanítás; nyelvtudás; nyelvvizsga; nyelv; nyelvtanár
72	kommunikáció	média		média	2	tévé; média; rádió; atv; népszaván; rtl; cenzúra; hírforrás; intern; internet; tévéből; tévén; újságíró
73	kommunikáció	média	internet	internet	3	internet; kereső; keresőmotor; wifi; világháló
74	kommunikáció	média	közösségi média	közösségi média	3	Facebook; Twitter
75	kommunikáció	forrás		forrás	2	forrás; kutat; emlékszik; mesél; hiteles; összeszed
76	kommunikáció	forrás	dokumentum	dokumentum	3	napló; fénykép; irat; levél; menlevél; dokumentum; munkakönyv; nyilvántartás; archívum; dokumentált; levelezés; zsoldkönyv
77	kommunikáció	forrás	emlékezés	emlékezés	3	emlék; elfojtás; emlékezik; emlékmű; emlékszik; fénykép; megemlékező; mesél; nosztalgia; nosztalgiahullám; sztori; történet; önéletrajz
78	környezet			környezet	1	 környezet
79	környezet	térbeli elhelyezkedés		térbeli elhelyezkedés	2	környék
80	környezet	térbeli elhelyezkedés	épített környezet	épített környezet	3	belterület; iparváros; lakótelep; park; játszótér; épület; wc; beton; elhanyagolt; elhasználódik; erőmű; garázs; kiskert; mozi; sportpálya; strand; épít; építkezés
81	környezet	térbeli elhelyezkedés	település	település	3	település
82	környezet	térbeli elhelyezkedés	külföld	külföld	3	külföld; amerika; németország; anglia; bécsbe; disszidál; külszolgálat; ausztria; európa; nairobi; külföldi; ausztrália; brüsszelbe; bécs; csehszlovákia; erdély; fiume; franciaország; frankfurt; hannover; hannoverbe; hollandia; irak; iránba; izrael; izraelbe; jugoszlávia; londonba; mariahilfer; moszkva; münchen; ndk; pozsony; prág; párizs; svájc; szentpétervár; szlovákiba; szovjetunió; teherán; amerikaiaktól; angol; hollandoktól; iráni; nyugat; szovjet; utazik; világútlevél; útlevél; útlevélosztály
83	környezet	térbeli elhelyezkedés	ország	ország	3	ország; Ausztria; Svájc; Németország; Anglia; Csehszlovákia; Bulgária; Szerbia; Ukrajna; Szlovénia; Lengyelország; Franciaország; Spanyolország; Olaszország; Hollandia; Dánia; USA
84	környezet	térbeli elhelyezkedés	régió	régió	3	régió; Dunántúl; Alföld; Kisalföld; Nyugat-Dunántúl; Közép-Dunántúl; Dél-Dunántúl; Közép-Magyarország; Észak-Magyarország; Észak-Alföld; Dél-Alföld
85	környezet	térbeli elhelyezkedés	helyváltoztatás	helyváltoztatás	3	szálloda; kocsi; repülőgép; ibusz; sportút; nyaral; turistaút; utazás; útlevél; autóbusz; honvágy; kirándulás; leutazik; nyaralás; osztálykirándulás; sporttúra; személykocsi; taxi; tengerpart; táborozás; utazgat; vendégfogadó; útlevélosztály; útvonal; vízum
86	környezet	természeti környezet		természeti környezet	2	barlang; tengerszem; vihar; vízesés; dombtető; hegy; hegytető; hegycsúcs; mező; rét; természet; környezet
87	környezet	természeti környezet	éghajlatváltozás	éghajlatváltozás	3	klímaváltozás; éghajlat; változás; felmelegedés
88	környezet	természeti környezet	környezetszennyezés	környezetszennyezés	3	permetez; permet; szennyezés; környezet; szennyvíz
89	környezet	természeti környezet	állat	állat	3	állat; állatja
90	környezet	természeti környezet	természeti katasztrófa	természeti katasztrófa	3	földrengés; árvíz; vihar; vulkánkitörés
91	kultúra			kultúra	1	fesztivál; szubkultúra; zenekar; beszéd; koncert; legpopulárisabb; skinheadek; efott; sziget; buli; farmernadrág; fellépő; fesztiváljáró; film; filmvetítés; hagyomány; irodalmár; közönség; legmainstream; mainstream; népdalkórus; plázázás; rendezvény; sorozat; sztár; színház; táncikál; táncol; verssor
92	kultúra	közösségi és kulturális tér		közösségi és kulturális tér	2	kultúrterem; könyvtár; kávéház; kultúrtermük; rendezvény; színház; színpa; úttörőtábor
93	kultúra	kulturális esemény		kulturális esemény	2	koncert; rendezvény; fesztivál; előadás; kiállítás
94	kultúra	alkotás		alkotás	2	alkotó; kreatív
95	kultúra	művészet		művészet	2	művész; kiállítás; kiállításom; színész; zenei; babits; avantgard; dramaturg; filmgyár; filmművészet; főszerep; irodalmi; irodalmár; irodalom; kamarakóru; kamarakórus; költő; megnyitó; művészparcella; regény; szinkronrendező; színház; tehetség; verssor; zenél; énekel
96	kultúra	szokások és hagyományok		szokások és hagyományok	2	karácsony; hagyománykör; hagyomány; esküvő; hagyományőrzés; születésnap; hagyományápolás; ünnepség; disznóvágás; hosszúnap; szilveszter; bál; búcsú; díszsírhely; emlékmű; fogadás; húsvét; karácsonyozik; kóser; körülmetélt; küp; lakodalom; megemlékezés; megkoszorúz; megnősül; mindenszent; nyaral; népviselet; nőnap; rendezvény; szenteste; szilveszter; tradíció; virrasztás; évforduló; ünnep; ünnepel
97	munka és foglalkoztatás			munka és foglalkoztatás	1	dolgozik; munka; cég; elhelyezkedik; főnök; munkalehetőség; munkaviszony; szakma; kollega; állás; dolgozó; főosztályvezető; hentes; közgazdász; munkanélküli; munkanélkülin; újságkihordó; üzem; üzletvezető; betegállomány; takarí; betegszabadság; bevásárol; bányamérnök; elbocsát; esztergályos; felvesz; felvétel; gépkocsivezető; hentesbolt; igazgató; karrierív; keres; kiközvetítő; minimálbér; munkakör; munkatörvénykönyv; másodállás; mészáros; sofőr; szabadság; szerkesztő; takarít; tanár; technikus; telepvezető; toborzás; túlóra; vállalkozó; ács; értékesítő; újságíró; alkalmik; katonatiszt; muki; napszám; szociológus; tb; titkárnő; alapbérezés; alapítvány; alkalmatosságit; alkalmaz; asztalosmester; autókereskedés; beosztott; betanítás; bevásárlás; biofizikus; bizsu; boltos; csillés; csoportvezető; csúcsvezető; cukrász; dolgozhat; eladó; elküld; elnök; előrejut; előremenetel; esztergál; farakodó; fizetés; fluktuáció; foglalkoztat; foglalkoztatás; futószalag; fuvaros; fuvaroz; fényképész; fényképészkedik; földprogram; fölvétel; főnöök; főz; főállású; gazdaság; gondoz; gyár; gyárigazgató; gázsol; géplakatos; hentessegéd; házal; háztartásbeli; igazgatóhelyettes; ipar; iroda; kapál; karrier; kereskedő; kisiparos; kocsis; kolleg; kubikus; kérdezőbiztos; közfoglalkoztat; közhasznú; kőműves; lakatos; ledolgozik; leépít; megkeres; mesterlegény; mesterség; mosogat; munkafolyamat; munkaidő; munkakereső; munkaruha; munkaszerép; munkatárs; munkásgyerek; muzsikus; muzsikál; másodfoglalkozás; másodállású; mázsamester; műhely; műszak; műszakok; nyomdász; nyugdíj; nyugdíjaz; orvos; pálya; pék; raktár; ranglétra; rokkantnyugdíjas; ruhatervezés; segéd; segédkönyvelő; segédmunkás; szabadúszó; szakember; szakértő; szerződés; szociálpolitikus; szállodavezető; szállításvezető; szénégető; takarítás; takarítónő; tanácsi; tanárnő; tanít; targoncázás; tehenész; tehénfejés; termés; toborzá; toborzási; tollazik; támogatott; túltelítettség; túlórázik; túlórázol; vagonkirakó; vegyész; vendéglátós; vezető; vezérigazgató; vállalat; vállalkozik; vállalkozás; végigdolgozik; zongoraművész; álláskeresési; állómunka; átlagbér; életpályádat; értekezl; órabér; ökoszociológus; üz; filmrendező
98	munka és foglalkoztatás	munkahely		munkahely	2	munkahely; állás; dolgozik; alkalmazott; elhelyezkedik; elhelyezkedés; kirúgás; lemondás; munkavállalás; alkalmazva; bejárás; felmondás; felvétel; foglalkozás; iroda; irodaház; munka; munkafolyamat; munkatapasztalat; műhely; ranglétra; vendéglátós; vállalat; vállalkozó; pozíció
99	munka és foglalkoztatás	munkavégzés		munkavégzés	2	munkáltató; szakmunkás; dolgozik; munka; kapál; alkalmazott; elhelyezkedés; diákmunka; dolgoz; dógozik; munkalehetőség; vállalkozó; állás; dolgozgat; mindenes; beosztás; betanulás; csinál; dolgozás; elhelyezkedik; elhivatottság; fakitermelés; foglalkozás; futószalag; földmunka; háztartásbeli; irodai; munkafolyamat; munkamódszer; munkaruha; parasztmunka; pálya; pályafutás; pályakezdés; pénzszerzés; ranglétra; túlóra; vállalkozik
100	munka és foglalkoztatás	munkaviszony		munkaviszony	2	munkáltató; munkaszerződés; munkabér; felmondás; próbaidő; kilépés; bérminimum; minimálbér
101	munka és foglalkoztatás	fizetetlen munka		fizetetlen munka	2	ingyenmunka; önkéntes
102	munka és foglalkoztatás	munkakörülmények		munkakörülmények	2	alapbérezés; fegyelmi; fogadtatás; jutalék; kirúgva; közfoglalkoztat; monoton; műsz; részesedés; túló; állómunka; átlagbér; éjszakás
103	munka és foglalkoztatás	munkakörülmények	ingázás	ingázás	3	bejáró; ingázik
104	munka és foglalkoztatás	munkanélküliség		munkanélküliség	2	munkanélküli; munkakereső; állástalan; álláskeresés; álláskereső
105	munka és foglalkoztatás	szakma		szakma	2	foglalkozás; szakma; végzettség; hivatás; állás; mesterség; pálya; karrier; pályafutás
106	munka és foglalkoztatás	fizikai munkás		fizikai munkás	2	kőműves; mindenes; napszám; anyagmozgató; asztalosmester; betanít; brigád; dolgozókkal; fuvaros; fóliázik; fűtő; hentes; kapál; kubikus; kubikusoknál; munkáskörnyezet; mészáros; művezető; pakol; paraszt; pék; szakmunkás; szerelő; takarít; vagonkirakó; állványoz
107	munka és foglalkoztatás	szellemi dolgozó		szellemi dolgozó	2	értelmiségi; tanár; cégvezető; diplomata; filozófus; jogtanácsos; jogász; kutató; közgazdász; matematikus; rendőrtiszt; szinkronrendező; természettudós; óraadó; újságíró; üzletkötő
108	oktatás			oktatás	1	iskola; tanár; tanítvány; tanul; képzés; oktatás; vizsga; felvételiz; felvételizik; leérettségizik; tanulás; érettségi; differenciálás; diploma; diplomás; felvesz; hallgató; hatodikos; kollégista; kurzus; középiskolás; megtanul; osztály; pedagógus; pályaválasztás; tudás; tudásanyag; évfolyam; ösztöndíj; ösztöndíjakról; gimi; leánygimnázium; matek; alapképzés; bejut; bentlakó; bizonyítvány; családlátogatás; diákhitel; diákév; egyetemi; elsős; fejkvóta; felvételizget; fodrásztanuló; félév; főiskolá; gimnazista; harmadik; hitoktatás; igazgató; informatika; iskol; iskolarendszer; iskolavonal; iskolaválasztás; korrepetál; kémiá; képzettség; középiskol; középiskolai; lemorzsolódás; levelező; levizsgázik; magolás; magániskola; magántanuló; magántanár; matekos; matektagozat; matematika; matematiká; megbukik; megbuktat; megtanulhat; megtanít; mentorál; másodéves; nappali; nebuló; nevelőim; nyelviskola; nyelvtanfolyam; nyelvvizsga; németóra; oktatási; oktatócég; osztálykirándulás; osztályozás; osztálytárs; partneriskola; puskázás; rekreáció-tanárképző; szakdolgozat; szakmunkásképző; szeminárium; szociológusképzés; tananyag; tandíj; tanszékvezető; tantárgy; tanulhat; tanári; tanévkezdés; tanít; tanítvány; tanító; tanítóképző; tanóra; termékvizsga; társadalomtörténet; témazárók; vizsgázzatok; általános; érettségizik; értelmiség; évfolyamtár; évfolyamtárs; újságírósuliba
109	oktatás	oktatási intézmény		oktatási intézmény	2	iskola; egyetem; középiskola; gimnázium; főiskola; óvoda; suli; gimi; szakközép; szakközépiskola; szakmunkásképző
110	oktatás	oktatásban résztvevő személy		oktatásban résztvevő személy	2	rektor
111	oktatás	oktatásban résztvevő személy	pedagógus	pedagógus	3	tanít; pedagógus; nevelő; tanár; professzor; logopédus; nevelőtestület; szaktanár; tantestület; tanársegéd; tanítónő; óraadó; történelemtanár
112	oktatás	oktatásban résztvevő személy	diák	diák	3	magántanuló; tanítvány; sni; tanuló; btm; sni-s; btm-es; elsős; gyerekekn; főiskolás; hallgató
113	oktatás	oktatási esemény		oktatási esemény	2	felvételi; lemorzsolódik; verseny; családlátogatás; csoportfoglalkozás; diploma; előfelvétel; kompetenciamérés; kurzus; lemorzsolódás; lemorzsolódó; mentorál; szemináriumsorozat; tanítás; védés; érettségi; óraadó
114	oktatás	tanulás		tanulás	2	ismeretszerzés; okulás; művelődés; tanulmány; elsajátít; önképzés; önnevelés; autodidakta
115	oktatás	végzettség		végzettség	2	végzettség; oklevél; diploma
116	oktatás	alap- és középfokú oktatás		alap- és középfokú oktatás	2	iskola; gimnázium; középiskola; osztály; tanoda; alsó; felső; általános; gimnáziumi; tagozat; drámatagozat; gimi; iskolás; napközis; szakközépiskola; érettségizik; óvoda; érettségi
117	oktatás	felsőoktatás		felsőoktatás	2	disszertáció; nagydoktori; kandidátus; főiskola; egyetem; egyetemi; elte; dékán; hallgató; pályaválasztás; főiskola; bölcsészkar; diploma; interdiszciplináris; keresztfélév; képzés; szakszeminárium; szeminárium; tanszék; tanítóképző; évfolyamtárs; hök; közgáz; közgázon; phd; szakkollégium; tudományegyetem; adjunktus; akkreditációs; akkreditálódik; alapképzés; anatómia; antropológushallgató; biofizikus; biokémikus; csoporttárs; diplomamunka; diákhitel; diákélet; diákév; egyetem; előadó; felsőoktatási; felvételizik; főiskolaválasztás; főiskolás; gólyatábor; hospitál; kollégium; oklevél; phd-program; pszichológusképzés; szak; szakdolgozat; szakdolgozati; szakos; szakszeminarista; szakszemináriumi; szemeszter; szociológusképzés; színművészeti; tagintézmény; tanszékvezető; terepgyakorlat; védés
118	oktatás	képzés és szakképzés		képzés és szakképzés	2	mesterlegény; mesterszak; továbbképzés; képzés; felnőttképzés; felnőttképzési; jogosítvány; szakma; szakmunkásképző; tréning; ügyvitel; szakmunkás; esztergályos; gyorsírás; géplakatos; inas; kiképezve; kiképzés; segédvizsga; tanfolyam
119	politika			politika	1	politika; politikai; párt; fidesz; jobbikkal; demokrácia; ellenzéki; kormány; liberális; miniszter; politikus; gyurcsány; mszp; aktivista; fideszes; jobbikos; politizál; tüntetés; átpolitizáltság; hvim; jobbik; parlamentbe; reformerek; tervhivatal; vona; véderősök; belpolitika; belügyminiszter; demokrata; demokratikus; euroszkeptikus; felvonulás; fidesz-szavazó; gárda-rendezvény; gárdista; igazságügy; kampányaktivista; kampányolás; kampányreklám; kormányzat; közélet; külügy; liberalizmus; lisszaboni-szerződés; mozgalom; mozgalomjelleg; parlament; parlamenti; polgármester; politik; pénzügy; pénzügypolitika; szavaz; szavazó; szocialista; szocik; titkosszolgálati; unió-ellenes; világkép; visszaosztás
120	politika	politikai szereplő		politikai szereplő	2	pártbizottság; kormány; kormányzat; miniszter; minisztérium; orbán; miniszterelnök; miniszterem; nagykövet; államvezető; antal; bajnai; fidesz; grós; gyurcsány; járai; külügyminiszter; mszp; medgyessy; munkástanács; népfron; orbánék; pénzügyminiszter; soros; attasé; bajnai-kormány; bajnai-kormányon; ellenforradalmár; elvtárs; fenntartó; hatalmasság; miniszerelnök; minisztertanács; politikus; politikusok; pártfunkció; pártitkár; párttitkár; pénzügyminiszterem
121	politika	politikai szereplő	kormányzat	kormányzat	3	miniszter; kormány; kormányzat; miniszterelnök; pénzügyminiszter; antall; törvény; parlamentbe; antall-kormány; kormánykutató; kormányrendelet; politika; rendelet; állam; államapparátus; államtitkár
122	politika	politikai szereplő	politikai párt	politikai párt	3	párt; jobbik; fidesz; pártbizottság; párttag; fidesznek; mszp; szdsz; nyilas; párttitkár; pártvezetőség; jobbikkal; jobbikra; lmp; mdf; népfron; népfront; fideszes; kisz-titkár; kommunista; nagykoalíciós; politika; pártharc; pártitkár; párttagság; pártvezetés; szocdem
123	politika	szakpolitika		szakpolitika	2	beintegrál; integráció; családgondozó; iskolabusz; pénzügypolitikai; betelepít; gazdaságpolitikus; hiba; integrál; nyugdíjreform; politik; rendelet; szakszolgálat; támogatás; versenypolitikai; végkielégítés; öngondoskodás; összevonás
124	politika	szakpolitika	társadalompolitika	társadalompolitika	3	gyes; munkanélkülin; tanácsi; betegállomány; szociálpolitikain; tb; földprogram; gyed-; intézeti; intézetis; lakásfenntartási; munkakereső; munkanélküli; nevelőszülő; nyugdíj; rokkantnyugdíjas; szakszolgálat; szociálpolitika; szocpol; szocpolos; támogatás; társadalompolitikai; álláskeresési
125	politika	nemzetközi politika		nemzetközi politika	2	geoorphan; világtalálkozó
126	politika	politikai részvétel		politikai részvétel	2	tüntetés; karta; ellenzéki; párttag; választás; aktivista; diákmozgalom; megmozdulás; politikusi; pártpolitika; párttitkár; szabadegyetemi; szamizdat; szórólap; szószóló; tárgyalhat
127	politika	politikai rendszer		politikai rendszer	2	káder; kádergyerek; kádár-rendszer
128	politika	politikai rendszer	demokrácia	demokrácia	3	demokratikus; népszavazás; szavazás; képviselet
129	politika	politikai rendszer	diktatúra	diktatúra	3	mszmp; cenzúra; diktatúra; ügynöklista
130	politika	politikai rendszer	kommunizmus	kommunizmus	3	ávó; béketanács; mszmp; rákosi; szovjetunió; elvtárs; elvtársnő; kommunista; munkáskáder; pártbizottság
131	jog			jog	1	börtön; bűnözés; bűnöző; lopás; nyomozó; szabadul; törvény; ártatlan; ügyvéd; pénzbüntetéses; bíróság; börtönbevonulás; bűncselekmény; bűnözz; elítélt; fegyelmi; fogház; fogház-körlet; gyilkos; gyilkosság; igazságszolgáltatás; jogrend; jogszabály; kiskapu; lop; perelés; szabadulás; szabályozás; szabálysértő; szadulás; szakértő; tolvaj; zárkatársaink; ítél; összbüntetés
132	jog	emberi jogok		emberi jogok	2	ártatlan; szabadság; egyenlőség; szólásszabadság; véleménynyilvánítás
133	jog	nemzetközi jog		nemzetközi jog	2	szuverenitás; önrendelkezés; függetlenség; belügy; szabadságjog; ENSZ; nemzetközi
134	jog	jogszabály és szabályzat 		jogszabály és szabályzat 	2	jogszabály; szabályzat; törvény; rendelkezés; rendelet; kormányrendelet; paragrafus; cikkely; hatály
135	jog	jogsértés és bűnelkövetés		jogsértés és bűnelkövetés	2	lopás; rablás; bűnözés; feketéz; bűnözik; bűnözőktől; kirabol; kínozik; megtámad; szabálysértő; tolvaj; támad; törvényszegő
136	jog	jogsértés és bűnelkövetés	korrupció	korrupció	3	korrupciós
137	jog	jogsértés és bűnelkövetés	prostitúció	prostitúció	3	prostituált; utcalány; kéjhölgy; kurtizán; szajha; örömlány; perdita; prosti; céda; cemende; lotyó; cafka; kokott; repedtsarkú; rüfke; bárcás; hetéra; sarkonálló; kéjnő; luvnya; bérnőstény; rima; dajna
138	jog	emberiesség elleni bűncselekmény		emberiesség elleni bűncselekmény	2	kínzás; munkaszolgálatos; szadista; vérengzés; munkaszolgálat
139	jog	emberiesség elleni bűncselekmény	kitelepítés	kitelepítés	3	kitelepítés; kitelepített
140	jog	emberiesség elleni bűncselekmény	deportálás	deportálás	3	deportálva; deportál; munkaszolgálatos; barakk; deportált; deportálás; elhurcol; bunkerásás; bevagoníroz; deportálásokról; deportálásom; elvisz; halálmenet; munkaszolgálat; munkaszolgálatosom; vagon; vagoníroz; vagonírozás; zsidóüldözés
141	jog	emberiesség elleni bűncselekmény	jogfosztás	jogfosztás	3	menlevél; jogfosztott
142	jog	emberiesség elleni bűncselekmény	népirtás	népirtás	3	agyonlő; eléget; kinyír; meggyilkol; megkínozik
143	jog	jogérvényesítés		jogérvényesítés	2	jogellenes; érdek; sérelem; szankció; közérdek; kártérítés; jogsértés; végrehajtás
144	jog	jogérvényesítés	kárpótlás	kárpótlás	3	jóvátétel; kárpótlás
145	jog	igazságszolgáltatás		igazságszolgáltatás	2	bíró; bíróság; per; alperes; felperes
146	jog	igazságszolgáltatás	büntetés	büntetés	3	büntetés; feketelista; büntetve; letartóztat; ítélet; bevonulás; bíró; bírság; bűncselekmény; bűnözés; fegyelmi; fogház-körlet; megkorbácsol; per; pénzbírság; rendőrség; szabadul; ártatlan; deportálás
147	jog	igazságszolgáltatás	börtön	börtön	3	börtön; cella; rab; szabadulás; fogház; nevelő; őr; börtönmisszió; eltáv; fegyház; pártfogó; visszailleszkedés; zárka; zárkatárs; életfogytiglan; rabo; benntart; börtönre; börtönviszony; büntetés; büntetésvégrehajtás; bűncselekmény; cellaajtó; feltételes; fogház-körlet; fogházkörlet; fogvatartás; kapcsolattartó; kihallgatás; nevelőm; prevenció; priccs; szabadul; őrizet; börtönkapcsolat
148	jog	fegyveres erők		fegyveres erők	2	parancsnok; tiszt; főhadnagy; őrmester; rendőr; század; zászlóalj; századparancsnokik; ss; barakk; hadnagy; laktanya; őrnagy; ezredes; honvéd; katonaság; rendőrség; szakaszvezető; századparancsnok; tank; zászlós; honvédség; kiképzést; bajtárs; barak; bevonulás; detektív; egyenruha; fegyver; hadapródik; karpaszományos; katona; katonaláda; katonasághoz; katonákn; katonát; laktany; parancs; pisztoly; puska; rendőrautó; sporttiszt; századparancsnook; tábornok; fokozat; igazoltatta; alakulat; alapkiképzés; alezredes; atombomba; barak; behívó; betonbunker; bűnözés; eltávozás; ezredparancsnok; frontszolgálat; főkapitányság; géppuska; géppuskás; hadosztály; hadsereg; katona; katonaorvosok; katonasapka; katonaságnál; katonatiszt; katonaviselt; katonáskodik; keretlegénység; körlet; legénység; lelő; lesze; leszerel; leszerelt; légóparancsnok; lövész; lövészet; menetszázad; nyilas; páncélos; rendőri; rendőrkapitányság; revolver; rohamsisak; sorozás; szakasz; szakaszvezetőnk; tartalékos; tüzér; vezényel; vezénylés; vezérkari; vezérőrnagy; vitézségi; őrség
149	intézmény és szervezet			intézmény és szervezet	1	intézmény; szervezet
150	intézmény és szervezet	állami intézmény és szervezet		állami intézmény és szervezet	2	állami; szervezet; klik; mnb; pszáf; alapítvány; tanács; gazdaságkutató; pénzügyminisztérium; biztosításfelügyelet; bíróság; családsegítő; kormányhivatal
151	intézmény és szervezet	közigazgatás		közigazgatás	2	közfeladat; közügy; igazgatás; köztisztviselő; közhivatalnok; közhivatal
152	intézmény és szervezet	közigazgatás	állam és állami igazgatás	állam és állami igazgatás	3	államigazgatás; miniszter; külszolgálat; állam; bürokrata; diplomata; kormány; tanács; államapparátus; hadügyminisztérium; versenyhivatal; adóhivatal; bürokrata; diplomata; politikus; hivatalnok; követség; köztisztviselő; külügy; külügyminisztérium; miniszterelnök; miniszter; minisztérium; nagykövetség; országgyűlés; parlamenti; szubvencionális; tisztviselő; táblabíró; állampolgár; állampolgárság; államszervezési; államszervezet
153	intézmény és szervezet	közigazgatás	önkormányzat és helyi igazgatás	önkormányzat és helyi igazgatás	3	tanács; polgármester; önkormányzat
154	intézmény és szervezet	nem állami intézmény és szervezet		nem állami intézmény és szervezet	2	NGO; non-profit; nonprofit; közhasznú
155	intézmény és szervezet	nem állami intézmény és szervezet	érdekképviselet	érdekképviselet	3	szakszervezet; munkástanács; tddsz; fórum; nyilatkozik; nőmozgalom; érdekvédelem
156	intézmény és szervezet	nem állami intézmény és szervezet	civil szervezet	civil szervezet	3	alapítvány; egyesület; polgárőrség
157	intézmény és szervezet	vezetés (szervezet)		vezetés (szervezet)	2	vezető; igazgató; osztályvezető; vezérigazgató; főnök; főszerkesztő; felügyelet; művezető; csoportvezető; felügyeletvezető; főnökasszony; igazgatónő; iskolavezetés; menedzser; telepvezető; vezérkar; ügyvezető
158	intézmény és szervezet	döntéshozatal		döntéshozatal	2	parancs; döntéshozatal; döntés
159	társadalmi csoport			társadalmi csoport	1	jobboldali; paraszt; baloldali; elit; generáció; hajléktalan; középpolgári; műveletlen; művelt; nagypolgári; nagyvállalkozó; osztályidegen; szegény; szegénycsopor; vidéki; értelmiségi; újgazdag; polgárlány; polgár
160	társadalmi csoport	nem és gender		nem és gender	2	nemiség; anyaszerep; férfiszerep; férfiasság; nőiesség; macsó; gender; maszkulin; feminin
161	társadalmi csoport	kisebbség		kisebbség	2	kisebbség; cigánykutatás; kisebbségi; minoritás
162	társadalmi csoport	kisebbség	cigányság	cigányság	3	cigány; roma; cigányasszony; beás; cigánylány; cigányság; cigányember; cigánygyerek; cigánykérdés; cigánybűnözés; cigánycsalád; cigánykutatás; cigánylakosság; cigányprobléma; cigányszemlélet; cigánytelep; gácsó
163	társadalmi csoport	kisebbség	zsidóság	zsidóság	3	zsidó; zsidóság; zsinagóga; rabbi; holocaust; gettó; zsidógyerek; zsidózás; zsidóüldözés; chanuka; holocaust; izrael; pészach; széder; zsidófok; filoszemitizmus; holokauszt; jiddis; kadis; kádis; kóser; körülmetélt; küp; tóra; zsidóidentitás; goj
164	társadalmi csoport	kisebbség	fogyatékkal élő	fogyatékkal élő	3	rokkantnyugdíj; rokkant; rokkantság
165	társadalmi csoport	kisebbség	nemzetiség	nemzetiség	3	sváb; oláh; szlovák; rutén; szerb; horvát
166	társadalmi csoport	kisebbség	LMBTQ+	LMBTQ+	3	buzi; leszbi; leszbikus; homokos; lmbtq
167	társadalmi csoport	közösség		közösség	2	közösség; klub; összetartozás; csoport; klubest; élményközösség
168	társadalmi csoport	generáció		generáció	2	generáció; fiatal; fiatalok; fiatalság; generációs; generációsak; idősebb; lánykor; nemzedék; nyugdíjas; rugalmas; szüleink; utánpótlás
169	társadalmi csoport	külföldi		külföldi	2	amerikai; külföldi; német; belga; nyugati; néem; orosz; szovjet
170	társadalmi csoport	külföldi	bevándorló	bevándorló	3	muszlim; arab; bevándorló; migráns
171	társadalmi csoport	külföldi	menekült	menekült	3	menedékes; menekül; menekült
172	társadalmi jelenség			társadalmi jelenség	1	beilleszkedés; beilleszkedik; cigánykérdés; elnyomás; fejlődés; kirekesztés; lemorzsolódá; lemorzsolódás; lázadás; ntegráció; szegénység; szegénytelép; tüntetés; visszailleszkedés
173	társadalmi jelenség	demográfiai folyamat		demográfiai folyamat	2	elvándorol
174	társadalmi jelenség	demográfiai folyamat	migráció	migráció	3	disszidálás; célország; amerika; erdély; izrael; palesztina; bevándorló; disszidál; elvándorol; kintmarad; kivándorlás; költözik; másodgenerációs; állampolgárság; átjön; átköltözik
175	társadalmi jelenség	beilleszkedés		beilleszkedés	2	beilleszkedés; közösség; elfogadás; összetartozás; összetartás
176	társadalmi jelenség	beilleszkedés	asszimiláció	asszimiláció	3	asszimilálódik; beolvadás
177	társadalmi jelenség	társadalmi kirekesztés		társadalmi kirekesztés	2	kirekesztés; kirekesztő; zsidózás; befogadó; beintegrál; bujkál; bujtat; buzifelvonulás; integráció; integrál; marginalizáció; nyomorékok; szegény; toleráns; zaklat; zaklatás
178	társadalmi jelenség	társadalmi kirekesztés	diszkrimináció	diszkrimináció	3	diszkrimináció; diszkriminál; esélyegyenlőség; hátrány
179	társadalmi jelenség	társadalmi kirekesztés	szegregáció	szegregáció	3	szegregált; szegregálódik; éhes
180	társadalmi jelenség	társadalmi részvétel		társadalmi részvétel	2	együttműködés; rendezvény; visszailleszkedés; aktivista; anti-pszichiátria; anti-pszichiátriá; faültetés; felvonulás; hátrány; integrálódik; jótékonyság; képviselő; közügy; megemlékezé; mozgalmi; mozgalom; rászorulók; segít; szemétszedés; tüntetés; önkéntes
181	társadalmi jelenség	társadalmi részvétel	civil aktivizmus	civil aktivizmus	3	aktivizmus; aktivista; önvédelem
182	társadalmi jelenség	globalizáció		globalizáció	2	globalizációról; nemzetközi
183	társadalmi rendszer			társadalmi rendszer	1	kgst; reformerek; követelmény; szabály; szociálpolitika; társadalompolitika; érdekviszony; értékviszony
184	társadalmi rendszer	társadalmi struktúra		társadalmi struktúra	2	középosztály; gazdag; értelmiségi; depriváció; középosztálybeli; középréteg; milliárdos; mélyszegénység; nagypolgári; szegény; szegénység; újratermeljü
185	társadalmi rendszer	társadalmi struktúra	alsóosztály	alsóosztály	3	cselédasszony; munkás; munkáskörnyezet; paraszt
186	társadalmi rendszer	társadalmi struktúra	középosztály	középosztály	3	polgár; polgári; hivatalnok; kisvállalkozó
187	társadalmi rendszer	társadalmi struktúra	felsőosztály	felsőosztály	3	elit; táblabíró
188	társadalmi rendszer	társadalmi struktúra	társadalmi egyenlőtlenség	társadalmi egyenlőtlenség	3	szegény; veszélyeztetett
189	társadalmi rendszer	kapitalizmus		kapitalizmus	2	kapitalizmus; kiprivatizál; multinacionális; privatizációkor
190	társadalmi rendszer	szocializmus		szocializmus	2	szocializmus; elvtárs; kisz-vezető; ávó; ügynöklista; mszmp; kommunizmus; káder; kádár-rendszer; pártbizottság; pártember; útlevélelvevés; disszidálás; kádárék; rajk-ügy; kisz-mozgalom; kádergyerek; munkáskáder; posztszocialista; szamizdat; szovjet; tsz; államosítás; ötvenhat; úttörőmozgalom; úttörőtábor
191	kapcsolat			kapcsolat	1	kapcsolat; kapcsolattartás; kollegialitás; támogató; viszonyulás
192	kapcsolat	személyes kapcsolat		személyes kapcsolat	2	barát; barátnő; osztálytárs; munkatárs; évfolyamtárs; kapcsolat; társaság; barátság; haver; szomszéd; közösség; lakótárs; ismerős; összejövetel; csoporttárs; megbarátkozik; találkozik; találkozó; összejön; baráti; megismerkedik; munkatárs; osztálytárs; barátaim; barátkozik; csoporttárs; kapcsolattartó; közösség; levelezés; szomszéd; évfolyamtárs; összeröffenés; kapcsolattartás; kollegialitás; barátság; brigád; buli; börtönkapcsolat; családlátogatás; diákszerelem; együttlakás; együttműködik; együttélés; haverizmus; házibuli; iskolatárs; ismerkedik; ismerkedés; ivócimbora; kolléga; kolléganő; levelez; mentor; munkakapcsolat; munkatárs; nevelő; osztálytárs; osztálytársnő; partner; találkozás; találkozó; zárkatárs; összebarátkozik; összehaverkodik; összeismerkedik; összejár
193	kapcsolat	személyes kapcsolat	párkapcsolat	párkapcsolat	3	párkapcsolat; élettárs; szerelem; diákszerelem; flörtölés; udvarlás; viszony; randevú; szerelem
194	kapcsolat	csoportok közötti kapcsolat		csoportok közötti kapcsolat	2	banda; szövetség; bandaháború; klub; egylet; társulat; társaság; gárda; egyesület; csoport; csapat; közösség; kommuna; gyülekezet; szervezet; galeri; kompánia; társulás; brancs; alakulat; osztag; bagázs; kollektíva; szövetség
195	kapcsolat	nemzetközi kapcsolat		nemzetközi kapcsolat	2	multilaterális; bilaterális
196	kapcsolat	ellenség és ellenfél		ellenség és ellenfél	2	ellenség; ellenfél; rosszakaró; haragos; ellenlábas; rivális
197	kapcsolat	nevelés		nevelés	2	nevel; felnevel; nevelés; gyereknevelés; gyereknevelő; nevelő; magatartás; nyakleves; szocializálódik; szocializálódás
198	kapcsolat	konfliktus		konfliktus	2	konfliktus; veszekedés; feszültség; affér; atrocitás; bandaháború; probléma; veszekedik; összeszólalkozás; összeverekedik; okvetetlenked; ordítozni; beleszól; beszóln; botrány; bánt; bíróság; cirkuszol; civakodik; elesik; elgáncsol; ellenséges; front; földúl; gyűlölködik; gúnyol; harc; ijesztget; kekeckedtek; kiabálás; kiegyezik; kirabol; konfliktusaik; konfliktuselmélet; konfliktusos; kötekedő; lehord; lövöldözik; megosztó; megvádol; megvéd; megzsarolt; megüt; nyolcórázik; panasz; perel; pereskedés; pofon; robbantgatás; szemtelenkedtek; tettlegesség; tolvaj; támad; tárgyalás; vita; vitatkozik; zaklatás; zűör; átver; összecsapás; összeszólalkozik; összetűzéseink; összeveszik; összeveszés
199	kapcsolat	erőszak		erőszak	2	erőszak; atrocitás; bántalmazás; agresszió; agresszivitás; sértés; terror; tettlegesség; bosszú
200	történelem			történelem	1	történelem; 1920; nagy-magyarország; családtörténeti; múltfeltárási; történelemkönyv
201	történelem	történelmi korszak és esemény		történelmi korszak és esemény	2	munkaszolgálatos; gázkamra; munkaszolgálat; rendszerváltás; krematórium; gettó; trianon; deportálva; menlevél; rendszerváltozás; 1945; 1956; 56; 70; disszidálás; mauthausen; rajk-ügy; recsk; tanácsköztársaság; barakk; bombáz; bujkál; bujtat; deportálás; ezerkilencszázharmincnyolc; felszabadulás; front; fölszabadul; hatalomváltás; katonaláda; kitelepítés; kádár-korszak; kárpótlás; lakosságcsere; muszos; nyolcvanas; privatizáció; privatizációs; robban; taxisválság; történelmi; vagoníroz; vagonírozás; zsidótörvény; ezerkilencszáztizennyolcra
202	történelem	történelmi korszak és esemény	háború	háború	3	munkaszolgálat; munkaszolgálatos; katona; ss; világháború; front; barakk; gettó; parancsnok; visszavonulás; atombomba; bevagoníroz; bombatámadás; ellenség; harc; lelő; munkaszolgálatoso; rakéta; rohamsisak; századparancsnokik; tank; tiszt; zsidóüldözés; bunkerásás; horthyféle; lövészárok; mauthausen; wehrmach; aknaszedés; bombaszilánk; bombáz; bombázás; bunker; elhurcolás; fegyver; felszabadulás; frontszolgálat; fölszabadul; főhadnagy; géppisztoly; hadapród; hadifogoly; harci; hazaáruló; karpaszományos; katonaláda; katonaruha; katonaság; kápó; lakosságcsere; levente; lövöldözik; megbombáz; menlevél; munkaszolgálatos; munkásszázad; muszos; negyvenöt; nyilas; partizán; puska; páncélos; riadó; roham; szakaszvezető; századparancsnok; szökés; támadás
203	történelem	történelmi korszak és esemény	holokauszt	holokauszt	3	gázkamra; gettó; krematórium; barakk; halálmenet; deportálva; munkaszolgálatos; bergen-belsen; mauthausenba; holocaust; appel; appelplatzon; auschwitz; auswitz; birkenau; hitler; mathausenba; mauthausen; ss; aranyvonat; deportál; deportálás; elhurcol; holocaust; holokauszt; holokausztábrázolás; menlevél; vagon; vagoníroz; vagonírozás; vesztőhely
204	történelem	történelmi korszak és esemény	felszabadulás	felszabadulás	3	fölszabadulás; felszabadulás; fölszabadul; fölszabadít
205	történelem	történelmi korszak és esemény	forradalom	forradalom	3	ötvenhat; ellenforradalom; felkelő; forradalom; népfelkelés
206	történelem	történelmi korszak és esemény	Horthy-korszak	Horthy-korszak	3	Horthy; Horthy-korszak
207	történelem	történelmi korszak és esemény	Rákosi-korszak	Rákosi-korszak	3	Rákosi; Rákosi-korszak
208	történelem	történelmi korszak és esemény	Kádár-korszak	Kádár-korszak	3	Kádár; Kádár-korszak
209	történelem	történelmi korszak és esemény	rendszerváltás	rendszerváltás	3	rendszerváltás; 89; kárpótlás; nyolcvankilencbe; reformkoncepció; rendszerváltozás; változás; ügynöklista
210	történelem	történelmi korszak és esemény	rendszerváltás utáni időszak	rendszerváltás utáni időszak	3	90-es; 2000-es
211	tudomány			tudomány	1	kutatóintézet; szociálpszichológia; irodalompszichológia; kandidátus; pszichoanalízis; pszichológus; biztosításkutató; phd; pénzügykutatási; pénzügykutató; doktori; egészségpszichológia; fizika; freudi; freudizmus; freudomarxizmus; intézet; irodalomszociológu; kardiológi; kultúraelméletből; közgazdasági; matematikából; művészetpszichológia; nagydoktorit; opponens; orvos-fizika; orvos-kémia; pszichoanalitikai; pszichoanalitikus; pszichológia; szociálpszichológiai; szociálpszichológus; társadalomelméletből; történelem; ösztönelmélet
212	tudomány	szociológia		szociológia	2	szociológus; családtörténet; kérdőív; szociológia; szociológiai; ökoszociológus
213	tudomány	tudományos tevékenység		tudományos tevékenység	2	kutatás; interjú; kérdőív; konferencia; antiszemitizmus-kutatás; elemzés; esettanulmány; identitás; interjúvázlat; iskolakutatás; iskolavizsgálat; kutat; kutató; médiakutatás; szegénységkutatás; féliigstrukturált; interjúkészítés; mtmt; tárki; adat; biztosításügyhöz; cigánykutatás; cigányvizsgálat; disszertáció; egészségkutatás; elemez; feldolgozik; felmérés; filozófus; hipotézis; időmérleg-felvétel; ifjúságkutatás; impaktfaktora; interjúer; interjúk; interjús; interjúszerkesztő; interjúz; iskolakutatá; konfliktuselmélet; kutatik; kutatva; kutatási; kutatóintézet; megkutat; módszer; projekt; pályázik; pénzügy; szakmunkásvizsgálat; szegénykutatás; szegényvizsgálat; szerkesztőség; tanulmány; tartalomelemzés; terepgyakorlat; tudományos; vizsgálat; állatkísérlet; értékvizsgálat
214	tudomány	tudományos tevékenység	tanulmányút	tanulmányút	3	ösztöndíj
215	tudomány	tudományos esemény		tudományos esemény	2	világkongresszus; kongresszus; konferencia; workshop
216	tudomány	tudományos közlés		tudományos közlés	2	folyóirat; cikk; szakirodalom; tanulmány; mtmt; bibliográfia; impaktfaktor; hivatkozás
217	válság			válság	1	válság; csőd; megszorítás
218	technológia és innováció			technológia és innováció	1	technológia; innováció; informatika; program; számítógép; fejlesztő; fejlesztés; felújít; gépesítés; internet; iskolafejlesztési; szabadalom; termékfejlesztés; innováció; innovatív; technológia; újítás
